pre,post,syn
PSI_R,DNp01_R,36
PSI_L,DNp01_R,6
TTMn_R,DNp01_R,2
LC4_R,DNp01_R,2580
LPLC2_R,DNp01_R,2220
PVLP151_L,DNp01_R,256
PVLP151_R,DNp01_R,13
DNp11_R,DNp01_R,5
DNp01_L,DNp01_R,1
PSI_R,DNp01_L,1
TTMn_L,DNp01_L,1
PSI_L,DNp01_L,52
LPLC2_L,DNp01_L,2642
LC4_L,DNp01_L,3782
PVLP151_L,DNp01_L,8
PVLP151_R,DNp01_L,326
DNp11_L,DNp01_L,5
DNp11_R,DNp01_L,108
DNp01_R,DNp01_L,1
LC6_R,LC6_R,2752
LC6_L,LC6_L,2658
LC10a_L,LC6_L,32
LPLC2_R,LC6_R,28
LC10a_R,LC6_R,38
LPLC2_L,LC6_L,17
LC4_R,LC6_R,17
LC4_L,LC6_L,11
PVLP151_R,LC6_R,11
LC10a_L,LC10a_L,12054
LC6_L,LC10a_L,145
LPLC2_L,LC10a_L,39
LC10a_R,LC10a_R,13190
LC4_R,LC10a_R,72
LC6_R,LC10a_R,262
LPLC2_R,LC10a_R,59
LC4_L,LC10a_L,54
AOTU019_L,LC10a_L,10
AOTU025_L,LC10a_L,12
AOTU025_R,LC10a_R,8
AOTU012_R,LC10a_R,1
AOTU001_L,LC10a_L,1
AOTU015_L,LC10a_L,3
AOTU015_R,LC10a_R,4
DNp11_R,LC10a_R,2
AOTU019_R,LC10a_R,1
AOTU012_L,LC10a_L,3
DNp09_R,DNa01_R,3
DNa03_R,DNa01_R,5
AOTU012_R,DNa01_R,1
AOTU019_L,DNa01_R,36
AOTU019_R,DNa01_R,3
DNa03_L,DNa01_L,3
AOTU019_R,DNa01_L,23
AOTU001_R,AOTU025_R,1
LC10a_R,AOTU025_R,3728
DNa03_R,AOTU025_R,7
AOTU019_L,AOTU025_R,1
AOTU019_R,AOTU025_R,3
LC10a_L,AOTU025_L,3303
DNa02_L,AOTU025_L,1
DNa03_L,AOTU025_L,6
AOTU019_R,AOTU025_L,1
DNp01_R,TTMn_R,70
DNp01_L,TTMn_L,20
LC6_L,PVLP151_L,1123
LPLC2_L,PVLP151_L,3265
LC4_L,PVLP151_L,820
LPLC2_R,PVLP151_L,150
PVLP151_L,PVLP151_L,12
PVLP151_R,PVLP151_L,74
DNp11_L,PVLP151_L,1
DNp01_R,PVLP151_L,7
LPLC2_L,PVLP151_R,192
LC4_L,PVLP151_R,22
LC4_R,PVLP151_R,675
LC6_R,PVLP151_R,1556
LPLC2_R,PVLP151_R,3164
PVLP151_L,PVLP151_R,59
PVLP151_R,PVLP151_R,16
DNp01_L,PVLP151_R,10
DNp01_R,PVLP151_R,1
LC4_R,PVLP151_L,9
AOTU001_L,AOTU019_R,5
AOTU025_R,AOTU019_R,55
DNa03_L,AOTU019_R,17
AOTU015_L,AOTU019_R,12
AOTU025_L,AOTU019_R,12
LC10a_R,AOTU019_R,7595
AOTU001_R,AOTU019_R,1
AOTU015_R,AOTU019_R,64
DNa03_R,AOTU019_R,5
AOTU012_R,AOTU019_R,2
AOTU019_L,AOTU019_R,16
AOTU001_L,AOTU019_L,2
LC10a_L,AOTU019_L,6615
AOTU012_L,AOTU019_L,2
AOTU025_R,AOTU019_L,4
DNa03_L,AOTU019_L,2
AOTU015_L,AOTU019_L,33
AOTU025_L,AOTU019_L,28
AOTU001_R,AOTU019_L,8
AOTU015_R,AOTU019_L,15
DNa03_R,AOTU019_L,17
DNa01_L,AOTU019_L,2
AOTU019_R,AOTU019_L,38
AOTU001_R,DNp09_R,1
LC10a_R,DNp09_R,65
LPLC2_R,DNp09_R,7
PVLP151_L,DNp09_R,1
LPLC2_L,DNp09_L,104
PVLP151_R,DNp09_L,3
AOTU001_L,DNa02_R,214
AOTU025_R,DNa02_R,196
AOTU001_R,DNa02_R,1
AOTU015_R,DNa02_R,281
DNp09_R,DNa02_R,9
DNa03_R,DNa02_R,297
DNa01_R,DNa02_R,5
AOTU012_R,DNa02_R,164
AOTU019_L,DNa02_R,289
AOTU012_L,DNa02_L,218
DNa03_L,DNa02_L,255
AOTU015_L,DNa02_L,291
AOTU025_L,DNa02_L,205
AOTU001_R,DNa02_L,208
DNp09_L,DNa02_L,45
DNa01_L,DNa02_L,3
AOTU019_R,DNa02_L,297
LC10a_L,DNp11_L,80
LC4_L,DNp11_L,2022
LPLC2_L,DNp11_L,56
LC6_L,DNp11_L,2
PVLP151_R,DNp11_L,6
PVLP151_L,DNp11_L,1
DNp11_R,DNp11_L,5
DNp01_L,DNp11_L,8
LC4_R,DNp11_R,1644
DNa03_L,DNp11_R,2
LPLC2_R,DNp11_R,15
LC10a_R,DNp11_R,104
LC6_R,DNp11_R,1
PVLP151_L,DNp11_R,12
PVLP151_R,DNp11_R,2
DNp11_L,DNp11_R,9
DNp01_L,DNp11_R,90
DNp01_R,DNp11_R,9
LC10a_R,AOTU001_R,2605
AOTU001_L,AOTU001_R,1
DNa03_L,AOTU001_R,1
AOTU001_R,AOTU001_R,14
AOTU015_L,AOTU001_R,2
LC10a_L,AOTU001_L,1904
AOTU015_L,AOTU001_L,2
AOTU001_R,AOTU001_L,1
AOTU001_L,AOTU001_L,19
DNa02_L,AOTU001_R,1
AOTU025_R,AOTU001_R,1
AOTU019_R,AOTU001_R,1
AOTU015_R,AOTU001_L,2
DNa03_R,AOTU001_L,2
AOTU019_L,AOTU001_L,1
AOTU025_L,AOTU001_L,1
DNa02_L,DNa03_L,4
AOTU015_L,DNa03_L,34
AOTU025_L,DNa03_L,139
AOTU001_R,DNa03_L,26
DNa01_L,DNa03_L,2
AOTU019_L,DNa03_L,1
AOTU019_R,DNa03_L,245
AOTU001_L,DNa03_R,2
AOTU025_R,DNa03_R,101
AOTU015_R,DNa03_R,32
DNa01_R,DNa03_R,2
DNa02_R,DNa03_R,3
AOTU019_L,DNa03_R,226
LC4_R,LC4_R,7295
LPLC2_R,LC4_R,1535
PVLP151_R,LC4_R,10
PVLP151_L,LC4_R,11
LC4_L,LC4_L,11097
LPLC2_L,LC4_L,1367
LC6_L,LC4_L,19
LC10a_L,LC4_L,60
LC10a_R,LC4_R,51
DNp11_R,LC4_R,16
DNp01_R,LC4_R,9
LC6_R,LC4_R,10
PVLP151_L,LC4_L,11
DNp01_L,LC4_L,36
PVLP151_R,LC4_L,16
DNp11_L,LC4_L,8
LC10a_L,AOTU015_L,2455
AOTU012_L,AOTU015_L,7
AOTU015_L,AOTU015_L,32
AOTU025_L,AOTU015_L,1
AOTU019_R,AOTU015_L,36
DNa03_L,AOTU015_L,1
AOTU001_R,AOTU015_L,2
AOTU001_L,AOTU015_R,3
LC10a_R,AOTU015_R,2980
AOTU015_R,AOTU015_R,62
AOTU019_L,AOTU015_R,59
AOTU019_R,AOTU015_R,3
DNa02_L,AOTU015_L,4
AOTU019_L,AOTU015_L,2
AOTU012_R,AOTU015_R,1
DNa02_R,AOTU015_R,3
LC10a_L,AOTU012_L,1974
AOTU001_L,AOTU012_L,1
AOTU015_L,AOTU012_L,2
AOTU019_L,AOTU012_L,3
AOTU025_R,AOTU012_R,2
LC10a_R,AOTU012_R,2435
AOTU001_R,AOTU012_R,1
PSI_R,PSI_L,17
DNp01_L,PSI_L,9
DNp01_R,PSI_L,3
PSI_L,PSI_R,5
DNp11_L,PSI_R,1
DNp01_L,PSI_R,2
DNp01_R,PSI_R,2
LPLC2_R,LPLC2_R,21645
LC10a_R,LPLC2_R,21
LC4_R,LPLC2_R,220
PVLP151_L,LPLC2_R,62
LPLC2_L,LPLC2_L,24533
PVLP151_L,LPLC2_L,517
LC4_L,LPLC2_L,141
PVLP151_R,LPLC2_L,99
LC10a_L,LPLC2_L,14
LC6_L,LPLC2_L,13
LC6_R,LPLC2_R,14
DNp11_L,LPLC2_L,1
DNp01_L,LPLC2_L,3
DNp11_R,LPLC2_R,1
DNp01_R,LPLC2_R,5
